formgroup	lt	form
other	landlord	Certificate of Service
other	landlord	Advance Resolution Request
other	landlord	Explanation
other	landlord	Affidavit
other	landlord	Bulk Application Information Sheet
other	landlord	Consent to Service by Email
other	landlord	Declaration
other	landlord	Fee Waiver Request
other	landlord	Information from your Landlord about Utility Costs
other	landlord	Information from your Landlord about Utility Costs (One or More Utilities are no Longer Provided in the Residential Complex)
other	landlord	Information to Prospective Tenant about Suite Meters or Meters
other	landlord	L1/L9 – Information Update as of the Hearing Day Form
other	landlord	Landlord's Motion to Set Aside an Order to Void – Form S3
other	landlord	Landlord’s Notice to a New Tenant about an Order Prohibiting a Rent Increase
other	landlord	Landlord's Notice to Terminate Obligations to Supply Electricity
other	landlord	N14: Landlord's Notice to the Spouse of the Tenant who Vacated the Rental Unit
other	landlord	Payment Agreement
other	landlord	Request for French-Language Services or Request for Accommodation
other	landlord	Request for Hearing Recording
other	landlord	Request for the Board to Issue a Summons
other	landlord	Request to Amend an Order
other	landlord	Request to Extend or Shorten Time
other	landlord	Request to be a Litigation Guardian: Mental Incapacity
other	landlord	Request to Re-open an Application
other	landlord	Request to Reschedule a Hearing
other	landlord	Request to Review an Order
other	landlord	Schedule of Parties
other	landlord	Summons (Lawyers and Paralegals Only)
other	landlord	Tenant Agreement to Pay Directly for Electricity Costs
forms	landlord	L1: Application to evict a tenant for non-payment of rent and to collect rent the tenant owes
evicttenant	landlord	L2: Application to End a Tenancy and Evict a Tenant
tenantgavenoticeleave	landlord	L3: Application to End a Tenancy – Tenant Gave Notice or Agreed to Terminate the Tenancy
evictsettlementcond	landlord	L4: Application to End a Tenancy and Evict a Tenant – Tenant Failed to Meet Conditions of a Settlement or Order
aboveguidline	landlord	L5: Application for an Above Guideline Increase
reviewworkorder	landlord	L6: Application for Review of a Work Order about Provincial Maintenance Standards
carehometransfer	landlord	L7: Application to Transfer a Care Home Tenant
tlockchange	landlord	L8: Application Because the Tenant Changed the Locks
collectrent	landlord	L9: Application to Collect Rent the Tenant Owes
actapplies	landlord	A1: Application about Whether the Act Applies
subass	landlord	A2: Application about a Sublet or an Assignment
rentreduct	landlord	A4: Application to Vary the Amount of a Rent Reduction
rent_increase	landlord	N1: Notice of Rent Increase
rent_increase	landlord	N2: Notice of Rent Increase (Unit Partially Exempt)
rent_increase	landlord	N3: Notice to Increase the Rent and/or Charges for Care Services and Meals
rent_increase	landlord	N10: Agreement to Increase the Rent Above the Guideline
termination	landlord	N4: Notice to End your Tenancy Early for Non-payment of Rent
termination	landlord	N5: Notice to End your Tenancy for Interfering with Others, Damage or Overcrowding
termination	landlord	N6: Notice to End your Tenancy for Illegal Acts or Misrepresenting Income in a Rent-Geared-to-Income Rental Unit
termination	landlord	N7: Notice to End your Tenancy for Causing Serious Problems in the Rental Unit or Residential Complex
termination	landlord	N8: Notice to End your Tenancy at the End of the Term
termination	landlord	N11: Agreement to End the Tenancy
termination	landlord	N12: Notice to End your Tenancy Because the Landlord, a Purchaser or a Family Member Requires the Rental Unit
termination	landlord	N13: Notice to End your Tenancy Because the Landlord Wants to Demolish the Rental Unit, Repair it or Convert it to Another Use
rebate	tenant	T1: Tenant Application for a Rebate
trights	tenant	T2: Application about Tenant Rights
rentreduct	tenant	T3: Tenant Application for a Rent Reduction
	tenant	T4: Tenant Application – Landlord did not Comply with an Agreement to Increase Rent Above the Guideline
	tenant	T5: Tenant Application – Landlord Gave a Notice of Termination in Bad Faith
	tenant	T6: Tenant Application about Maintenance
	tenant	T7: Tenant Application about Suite Meters
	tenant	A1: Application about Whether the Act Applies
	tenant	A2: Application about a Sublet or an Assignment
	tenant	A4: Application to Vary the Amount of a Rent Reduction
	tenant	N9: Tenant’s Notice to End the Tenancy
	tenant	N11: Agreement to End the Tenancy
	tenant	N15: Tenant's Notice to End my Tenancy Because of Fear of Sexual or Domestic Violence and Abuse
	tenant	Tenant's Statement About Sexual or Domestic Violence and Abuse
	tenant	Other forms for tenants
	tenant	"Certificate of Service	"
	tenant	Advance Resolution Request
	tenant	"Affidavit	"
	tenant	"Consent to Service by Email	"
	tenant	"Declaration	"
	tenant	"Fee Waiver Request	"
	tenant	"Issues a Tenant Intends to Raise at a Rent Arrears Hearing	"
	tenant	"Motion to Set Aside an Ex Parte Order - Form S2		"
	tenant	"Payment Agreement	"
	tenant	"Request for French-Language Services	"
	tenant	"Accommodation Request form	"
	tenant	"Request for Hearing Recording	"
	tenant	"Request for the Board to issue a Summons	"
	tenant	"Request to Amend an Order	"
	tenant	Request to Extend or Shorten Time
	tenant	"Request to be a Litigation Guardian: Mental Incapacity	"
	tenant	"Request to Re-open an Application	"
	tenant	"Request to Reschedule a Hearing	"
	tenant	Request to Review an Order
	tenant	"Request to Pay Rent to the Board on a Tenant Application About Maintenance	"
	tenant	"Request to use Alternative Service	"
	tenant	"Schedule of Parties	"
	tenant	"Schedule of Parties for Multi-Tenant Applications	"
	tenant	"Summons (Lawyers and Paralegals Only)	"
	tenant	"Tenant's Motion to Void an Eviction Order for Arrears of Rent	"
